timeStamp,elapsed,label,responseCode,responseMessage,threadName,dataType,success,failureMessage,bytes,sentBytes,grpThreads,allThreads,URL,Latency,IdleTime,Connect
1744696187231,488,HTTP Request,200,OK,Thread Group 1-13,text,true,,52598,129,37,37,https://www.automationexercise.com/,457,0,155
1744696187720,404,HTTP Request,200,OK,Thread Group 1-13,text,true,,52598,129,57,57,https://www.automationexercise.com/,315,0,0
1744696187111,1075,HTTP Request,200,OK,Thread Group 1-7,text,true,,52598,129,59,59,https://www.automationexercise.com/,1030,0,210
1744696187072,1125,HTTP Request,200,OK,Thread Group 1-5,text,true,,52605,129,60,60,https://www.automationexercise.com/,1082,0,259
1744696187170,1103,HTTP Request,200,OK,Thread Group 1-10,text,true,,52598,129,64,64,https://www.automationexercise.com/,1085,0,161
1744696187150,1144,HTTP Request,200,OK,Thread Group 1-9,text,true,,52598,129,65,65,https://www.automationexercise.com/,1118,0,167
1744696187043,1316,HTTP Request,200,OK,Thread Group 1-3,text,true,,52598,129,68,68,https://www.automationexercise.com/,1301,0,315
1744696187004,1381,HTTP Request,200,OK,Thread Group 1-1,text,true,,52598,129,69,69,https://www.automationexercise.com/,1357,0,331
1744696187091,1326,HTTP Request,200,OK,Thread Group 1-6,text,true,,52598,129,71,71,https://www.automationexercise.com/,1130,0,214
1744696187057,1408,HTTP Request,200,OK,Thread Group 1-4,text,true,,52598,129,73,73,https://www.automationexercise.com/,1370,0,301
1744696187011,1467,HTTP Request,200,OK,Thread Group 1-2,text,true,,52598,129,74,74,https://www.automationexercise.com/,1429,0,348
1744696187194,1316,HTTP Request,200,OK,Thread Group 1-11,text,true,,52598,129,76,76,https://www.automationexercise.com/,1276,0,177
1744696187589,970,HTTP Request,200,OK,Thread Group 1-31,text,true,,52598,129,78,78,https://www.automationexercise.com/,954,0,264
1744696187710,884,HTTP Request,200,OK,Thread Group 1-37,text,true,,52598,129,80,80,https://www.automationexercise.com/,863,0,197
1744696187131,1475,HTTP Request,200,OK,Thread Group 1-8,text,true,,52598,129,80,80,https://www.automationexercise.com/,1056,0,198
1744696187773,904,HTTP Request,200,OK,Thread Group 1-40,text,true,,52598,129,84,84,https://www.automationexercise.com/,857,0,167
1744696187630,1050,HTTP Request,200,OK,Thread Group 1-33,text,true,,52598,129,84,84,https://www.automationexercise.com/,1004,0,250
1744696187290,1421,HTTP Request,200,OK,Thread Group 1-16,text,true,,52606,129,85,85,https://www.automationexercise.com/,1392,0,214
1744696187209,1508,HTTP Request,200,OK,Thread Group 1-12,text,true,,52598,129,86,86,https://www.automationexercise.com/,1301,0,165
1744696187792,977,HTTP Request,200,OK,Thread Group 1-41,text,true,,52606,129,88,88,https://www.automationexercise.com/,959,0,173
1744696187270,1584,HTTP Request,200,OK,Thread Group 1-15,text,true,,52598,129,92,92,https://www.automationexercise.com/,1553,0,232
1744696187331,1565,HTTP Request,200,OK,Thread Group 1-18,text,true,,52598,129,94,94,https://www.automationexercise.com/,1518,0,205
1744696187390,1524,HTTP Request,200,OK,Thread Group 1-21,text,true,,52598,129,96,96,https://www.automationexercise.com/,1480,0,164
1744696187875,1183,HTTP Request,200,OK,Thread Group 1-45,text,true,,52598,129,99,99,https://www.automationexercise.com/,1157,0,183
1744696187430,1659,HTTP Request,200,OK,Thread Group 1-23,text,true,,52598,129,99,99,https://www.automationexercise.com/,1624,0,185
1744696187250,1845,HTTP Request,200,OK,Thread Group 1-14,text,true,,52598,129,99,99,https://www.automationexercise.com/,1633,0,206
1744696187314,1786,HTTP Request,200,OK,Thread Group 1-17,text,true,,52598,129,99,99,https://www.automationexercise.com/,1751,0,272
1744696187371,1769,HTTP Request,200,OK,Thread Group 1-20,text,true,,52598,129,99,99,https://www.automationexercise.com/,1559,0,187
1744696187423,1758,HTTP Request,200,OK,Thread Group 1-22,text,true,,52598,129,99,99,https://www.automationexercise.com/,1722,0,193
1744696187353,1836,HTTP Request,200,OK,Thread Group 1-19,text,true,,52598,129,99,99,https://www.automationexercise.com/,1792,0,229
1744696187916,1297,HTTP Request,200,OK,Thread Group 1-47,text,true,,52598,129,99,99,https://www.automationexercise.com/,1283,0,156
1744696187933,1353,HTTP Request,200,OK,Thread Group 1-48,text,true,,52598,129,99,99,https://www.automationexercise.com/,1303,0,157
1744696187840,1446,HTTP Request,200,OK,Thread Group 1-43,text,true,,52598,129,99,99,https://www.automationexercise.com/,1398,0,250
1744696187890,1428,HTTP Request,200,OK,Thread Group 1-46,text,true,,52598,129,99,99,https://www.automationexercise.com/,1382,0,190
1744696187471,1857,HTTP Request,200,OK,Thread Group 1-24,text,true,,52598,129,99,99,https://www.automationexercise.com/,1818,0,223
1744696187488,1870,HTTP Request,200,OK,Thread Group 1-25,text,true,,52598,129,99,99,https://www.automationexercise.com/,1850,0,218
1744696187512,1958,HTTP Request,200,OK,Thread Group 1-27,text,true,,52598,129,99,99,https://www.automationexercise.com/,1931,0,203
1744696187531,1982,HTTP Request,200,OK,Thread Group 1-28,text,true,,52598,129,99,99,https://www.automationexercise.com/,1930,0,190
1744696187821,1693,HTTP Request,200,OK,Thread Group 1-42,text,true,,52598,129,99,99,https://www.automationexercise.com/,1281,0,199
1744696187490,2028,HTTP Request,200,OK,Thread Group 1-26,text,true,,52598,129,99,99,https://www.automationexercise.com/,1980,0,222
1744696188186,1339,HTTP Request,200,OK,Thread Group 1-7,text,true,,52598,129,99,99,https://www.automationexercise.com/,1238,0,0
1744696187573,2002,HTTP Request,200,OK,Thread Group 1-30,text,true,,52598,129,98,98,https://www.automationexercise.com/,1973,0,187
1744696188009,1589,HTTP Request,200,OK,Thread Group 1-52,text,true,,52605,129,98,98,https://www.automationexercise.com/,1561,0,199
1744696187972,1682,HTTP Request,200,OK,Thread Group 1-50,text,true,,52598,129,98,98,https://www.automationexercise.com/,1659,0,250
1744696187553,2155,HTTP Request,200,OK,Thread Group 1-29,text,true,,52598,129,98,98,https://www.automationexercise.com/,2104,0,258
1744696187670,2038,HTTP Request,200,OK,Thread Group 1-35,text,true,,52605,129,98,98,https://www.automationexercise.com/,1986,0,180
1744696187611,2120,HTTP Request,200,OK,Thread Group 1-32,text,true,,52598,129,98,98,https://www.automationexercise.com/,2098,0,237
1744696187657,2122,HTTP Request,200,OK,Thread Group 1-34,text,true,,52598,129,98,98,https://www.automationexercise.com/,2093,0,226
1744696188274,1548,HTTP Request,200,OK,Thread Group 1-10,text,true,,52598,129,98,98,https://www.automationexercise.com/,1465,0,0
1744696187695,2169,HTTP Request,200,OK,Thread Group 1-36,text,true,,52598,129,97,97,https://www.automationexercise.com/,2145,0,236
1744696188034,1925,HTTP Request,200,OK,Thread Group 1-53,text,true,,52598,129,97,97,https://www.automationexercise.com/,1892,0,240
1744696188053,1963,HTTP Request,200,OK,Thread Group 1-54,text,true,,52598,129,97,97,https://www.automationexercise.com/,1909,0,230
1744696188197,1823,HTTP Request,200,OK,Thread Group 1-5,text,true,,52598,129,97,97,https://www.automationexercise.com/,1338,0,0
1744696188294,1726,HTTP Request,200,OK,Thread Group 1-9,text,true,,52598,129,97,97,https://www.automationexercise.com/,1566,0,0
1744696188386,1644,HTTP Request,200,OK,Thread Group 1-1,text,true,,52598,129,95,95,https://www.automationexercise.com/,1558,0,0
1744696187764,2309,HTTP Request,200,OK,Thread Group 1-39,text,true,,52598,129,94,94,https://www.automationexercise.com/,2268,0,199
1744696187737,2346,HTTP Request,200,OK,Thread Group 1-38,text,true,,52598,129,94,94,https://www.automationexercise.com/,2308,0,229
1744696188418,1775,HTTP Request,200,OK,Thread Group 1-6,text,true,,52598,129,94,94,https://www.automationexercise.com/,1740,0,0
1744696188130,2075,HTTP Request,200,OK,Thread Group 1-58,text,true,,52598,129,93,93,https://www.automationexercise.com/,2028,0,307
1744696188359,1865,HTTP Request,200,OK,Thread Group 1-3,text,true,,52598,129,93,93,https://www.automationexercise.com/,1620,0,0
1744696188465,1775,HTTP Request,200,OK,Thread Group 1-4,text,true,,52598,129,92,92,https://www.automationexercise.com/,1668,0,0
1744696188211,2063,HTTP Request,200,OK,Thread Group 1-62,text,true,,52598,129,91,91,https://www.automationexercise.com/,2029,0,229
1744696187851,2548,HTTP Request,200,OK,Thread Group 1-44,text,true,,52598,129,91,91,https://www.automationexercise.com/,2491,0,187
1744696188174,2249,HTTP Request,200,OK,Thread Group 1-60,text,true,,52598,129,91,91,https://www.automationexercise.com/,2163,0,335
1744696188153,2280,HTTP Request,200,OK,Thread Group 1-59,text,true,,52605,129,91,91,https://www.automationexercise.com/,2237,0,279
1744696188479,1958,HTTP Request,200,OK,Thread Group 1-2,text,true,,52598,129,91,91,https://www.automationexercise.com/,1779,0,0
1744696188292,2175,HTTP Request,200,OK,Thread Group 1-66,text,true,,52605,129,90,90,https://www.automationexercise.com/,2147,0,247
1744696188192,2298,HTTP Request,200,OK,Thread Group 1-61,text,true,,52598,129,90,90,https://www.automationexercise.com/,2275,0,332
1744696188253,2332,HTTP Request,200,OK,Thread Group 1-64,text,true,,52598,129,90,90,https://www.automationexercise.com/,2294,0,296
1744696188314,2285,HTTP Request,200,OK,Thread Group 1-67,text,true,,52605,129,90,90,https://www.automationexercise.com/,2253,0,256
1744696188511,2092,HTTP Request,200,OK,Thread Group 1-11,text,true,,52598,129,90,90,https://www.automationexercise.com/,1852,0,0
1744696188560,2051,HTTP Request,200,OK,Thread Group 1-31,text,true,,52598,129,89,89,https://www.automationexercise.com/,1971,0,0
1744696188270,2408,HTTP Request,200,OK,Thread Group 1-65,text,true,,52598,129,88,88,https://www.automationexercise.com/,2350,0,282
1744696187951,2732,HTTP Request,200,OK,Thread Group 1-49,text,true,,52598,129,88,88,https://www.automationexercise.com/,2687,0,185
1744696188594,2140,HTTP Request,200,OK,Thread Group 1-37,text,true,,52598,129,88,88,https://www.automationexercise.com/,2041,0,0
1744696188607,2175,HTTP Request,200,OK,Thread Group 1-8,text,true,,52620,129,87,87,https://www.automationexercise.com/,2130,0,0
1744696188393,2391,HTTP Request,200,OK,Thread Group 1-71,text,true,,52598,129,86,86,https://www.automationexercise.com/,2348,0,235
1744696188110,2793,HTTP Request,200,OK,Thread Group 1-57,text,true,,52598,129,86,86,https://www.automationexercise.com/,2085,0,319
1744696188677,2255,HTTP Request,200,OK,Thread Group 1-40,text,true,,52598,129,86,86,https://www.automationexercise.com/,2165,0,0
1744696187991,3012,HTTP Request,200,OK,Thread Group 1-51,text,true,,52606,129,85,85,https://www.automationexercise.com/,2963,0,243
1744696188350,2658,HTTP Request,200,OK,Thread Group 1-69,text,true,,52598,129,85,85,https://www.automationexercise.com/,2582,0,378
1744696188372,2637,HTTP Request,200,OK,Thread Group 1-70,text,true,,52605,129,85,85,https://www.automationexercise.com/,2569,0,325
1744696188412,2613,HTTP Request,200,OK,Thread Group 1-72,text,true,,52598,129,85,85,https://www.automationexercise.com/,2374,0,221
1744696188717,2353,HTTP Request,200,OK,Thread Group 1-12,text,true,,52598,129,85,85,https://www.automationexercise.com/,2326,0,0
1744696188681,2417,HTTP Request,200,OK,Thread Group 1-33,text,true,,52598,129,84,84,https://www.automationexercise.com/,2324,0,0
1744696188712,2399,HTTP Request,200,OK,Thread Group 1-16,text,true,,52598,129,83,83,https://www.automationexercise.com/,2321,0,0
1744696188471,2671,HTTP Request,200,OK,Thread Group 1-75,text,true,,52598,129,82,82,https://www.automationexercise.com/,2647,0,278
1744696188536,2664,HTTP Request,200,OK,Thread Group 1-78,text,true,,52605,129,82,82,https://www.automationexercise.com/,2617,0,221
1744696188436,2767,HTTP Request,200,OK,Thread Group 1-73,text,true,,52598,129,82,82,https://www.automationexercise.com/,2709,0,302
1744696188455,2763,HTTP Request,200,OK,Thread Group 1-74,text,true,,52598,129,82,82,https://www.automationexercise.com/,2725,0,313
1744696188491,2763,HTTP Request,200,OK,Thread Group 1-76,text,true,,52598,129,82,82,https://www.automationexercise.com/,2732,0,263
1744696188072,3217,HTTP Request,200,OK,Thread Group 1-55,text,true,,52598,129,82,82,https://www.automationexercise.com/,3177,0,210
1744696188509,2868,HTTP Request,200,OK,Thread Group 1-77,text,true,,52598,129,82,82,https://www.automationexercise.com/,2822,0,231
1744696188550,2841,HTTP Request,200,OK,Thread Group 1-79,text,true,,52606,129,82,82,https://www.automationexercise.com/,2802,0,274
1744696188769,2636,HTTP Request,200,OK,Thread Group 1-41,text,true,,52606,129,82,82,https://www.automationexercise.com/,2493,0,0
1744696188854,2615,HTTP Request,200,OK,Thread Group 1-15,text,true,,52598,129,81,81,https://www.automationexercise.com/,2516,0,0
1744696188330,3158,HTTP Request,200,OK,Thread Group 1-68,text,true,,52598,129,80,80,https://www.automationexercise.com/,2456,0,274
1744696188915,2590,HTTP Request,200,OK,Thread Group 1-21,text,true,,52598,129,80,80,https://www.automationexercise.com/,2514,0,0
1744696188896,2617,HTTP Request,200,OK,Thread Group 1-18,text,true,,52598,129,79,79,https://www.automationexercise.com/,2531,0,0
1744696188230,3319,HTTP Request,200,OK,Thread Group 1-63,text,true,,52598,129,78,78,https://www.automationexercise.com/,3292,0,795
1744696188734,2838,HTTP Request,200,OK,Thread Group 1-88,text,true,,52598,129,78,78,https://www.automationexercise.com/,2815,0,245
1744696188614,2987,HTTP Request,200,OK,Thread Group 1-82,text,true,,52606,129,78,78,https://www.automationexercise.com/,2959,0,432
1744696188695,2972,HTTP Request,200,OK,Thread Group 1-86,text,true,,52598,129,78,78,https://www.automationexercise.com/,2927,0,342
1744696188712,2957,HTTP Request,200,OK,Thread Group 1-87,text,true,,52598,129,78,78,https://www.automationexercise.com/,2908,0,326
1744696189095,2678,HTTP Request,200,OK,Thread Group 1-14,text,true,,52598,129,78,78,https://www.automationexercise.com/,2635,0,0
1744696189058,2741,HTTP Request,200,OK,Thread Group 1-45,text,true,,52598,129,77,77,https://www.automationexercise.com/,2611,0,0
1744696189141,2725,HTTP Request,200,OK,Thread Group 1-20,text,true,,52598,129,76,76,https://www.automationexercise.com/,2689,0,0
1744696188590,3324,HTTP Request,200,OK,Thread Group 1-81,text,true,,52598,129,75,75,https://www.automationexercise.com/,3285,0,553
1744696189090,2826,HTTP Request,200,OK,Thread Group 1-23,text,true,,52598,129,75,75,https://www.automationexercise.com/,2668,0,0
1744696189101,2834,HTTP Request,200,OK,Thread Group 1-17,text,true,,52605,129,74,74,https://www.automationexercise.com/,2672,0,0
1744696189182,2756,HTTP Request,200,OK,Thread Group 1-22,text,true,,52606,129,73,73,https://www.automationexercise.com/,2606,0,0
1744696189289,2675,HTTP Request,200,OK,Thread Group 1-48,text,true,,52598,129,72,72,https://www.automationexercise.com/,2549,0,0
1744696188840,3166,HTTP Request,200,OK,Thread Group 1-93,text,true,,52598,129,71,71,https://www.automationexercise.com/,3134,0,492
1744696188754,3321,HTTP Request,200,OK,Thread Group 1-89,text,true,,52598,129,71,71,https://www.automationexercise.com/,3282,0,620
1744696188971,3141,HTTP Request,200,OK,Thread Group 1-100,text,true,,52606,129,71,71,https://www.automationexercise.com/,3092,0,374
1744696188090,4047,HTTP Request,200,OK,Thread Group 1-56,text,true,,52598,129,71,71,https://www.automationexercise.com/,4023,0,1295
1744696189319,2825,HTTP Request,200,OK,Thread Group 1-46,text,true,,52598,129,71,71,https://www.automationexercise.com/,2619,0,0
1744696189189,2962,HTTP Request,200,OK,Thread Group 1-19,text,true,,52598,129,70,70,https://www.automationexercise.com/,2766,0,0
1744696189289,2873,HTTP Request,200,OK,Thread Group 1-43,text,true,,52598,129,69,69,https://www.automationexercise.com/,2672,0,0
1744696189331,2835,HTTP Request,200,OK,Thread Group 1-24,text,true,,52598,129,68,68,https://www.automationexercise.com/,2696,0,0
1744696188635,3557,HTTP Request,200,OK,Thread Group 1-83,text,true,,52598,129,67,67,https://www.automationexercise.com/,3533,0,740
1744696189359,2849,HTTP Request,200,OK,Thread Group 1-25,text,true,,52598,129,67,67,https://www.automationexercise.com/,2717,0,0
1744696188653,3627,HTTP Request,200,OK,Thread Group 1-84,text,true,,52598,129,66,66,https://www.automationexercise.com/,3581,0,732
1744696188956,3371,HTTP Request,200,OK,Thread Group 1-99,text,true,,52598,129,66,66,https://www.automationexercise.com/,3335,0,286
1744696189514,2876,HTTP Request,200,OK,Thread Group 1-42,text,true,,52598,129,66,66,https://www.automationexercise.com/,2833,0,0
1744696189472,2919,HTTP Request,200,OK,Thread Group 1-27,text,true,,52598,129,65,65,https://www.automationexercise.com/,2753,0,0
1744696188884,3599,HTTP Request,200,OK,Thread Group 1-95,text,true,,52598,129,64,64,https://www.automationexercise.com/,3554,0,655
1744696189518,2996,HTTP Request,200,OK,Thread Group 1-26,text,true,,52598,129,64,64,https://www.automationexercise.com/,2732,0,0
1744696188572,3976,HTTP Request,200,OK,Thread Group 1-80,text,true,,52605,129,63,63,https://www.automationexercise.com/,3911,0,961
1744696188855,3698,HTTP Request,200,OK,Thread Group 1-94,text,true,,52598,129,63,63,https://www.automationexercise.com/,3669,0,689
1744696189214,3348,HTTP Request,200,OK,Thread Group 1-47,text,true,,52606,129,63,63,https://www.automationexercise.com/,3071,0,0
1744696189576,2996,HTTP Request,200,OK,Thread Group 1-30,text,true,,52598,129,62,62,https://www.automationexercise.com/,2859,0,0
1744696189598,2981,HTTP Request,200,OK,Thread Group 1-52,text,true,,52605,129,61,61,https://www.automationexercise.com/,2891,0,0
1744696188932,3791,HTTP Request,200,OK,Thread Group 1-98,text,true,,52605,129,60,60,https://www.automationexercise.com/,3709,0,234
1744696189514,3209,HTTP Request,200,OK,Thread Group 1-28,text,true,,52598,129,60,60,https://www.automationexercise.com/,2819,0,0
1744696188914,3832,HTTP Request,200,OK,Thread Group 1-97,text,true,,52598,129,59,59,https://www.automationexercise.com/,3776,0,257
1744696188908,3842,HTTP Request,200,OK,Thread Group 1-96,text,true,,52598,129,59,59,https://www.automationexercise.com/,3776,0,307
1744696189655,3103,HTTP Request,200,OK,Thread Group 1-50,text,true,,52598,129,59,59,https://www.automationexercise.com/,2974,0,0
1744696189708,3083,HTTP Request,200,OK,Thread Group 1-35,text,true,,52598,129,58,58,https://www.automationexercise.com/,2926,0,0
1744696188813,3989,HTTP Request,200,OK,Thread Group 1-92,text,true,,52598,129,57,57,https://www.automationexercise.com/,3966,0,367
1744696188672,4254,HTTP Request,200,OK,Thread Group 1-85,text,true,,52598,129,57,57,https://www.automationexercise.com/,4224,0,699
1744696189708,3222,HTTP Request,200,OK,Thread Group 1-29,text,true,,52598,129,57,57,https://www.automationexercise.com/,3056,0,0
1744696189733,3201,HTTP Request,200,OK,Thread Group 1-32,text,true,,52598,129,56,56,https://www.automationexercise.com/,3094,0,0
1744696189864,3084,HTTP Request,200,OK,Thread Group 1-36,text,true,,52598,129,55,55,https://www.automationexercise.com/,2966,0,0
1744696189959,2998,HTTP Request,200,OK,Thread Group 1-53,text,true,,52598,129,54,54,https://www.automationexercise.com/,2890,0,0
1744696189780,3190,HTTP Request,200,OK,Thread Group 1-34,text,true,,52598,129,53,53,https://www.automationexercise.com/,3056,0,0
1744696190083,3048,HTTP Request,200,OK,Thread Group 1-38,text,true,,52598,129,52,52,https://www.automationexercise.com/,2937,0,0
1744696190074,3060,HTTP Request,200,OK,Thread Group 1-39,text,true,,52598,129,51,51,https://www.automationexercise.com/,2953,0,0
1744696190400,2750,HTTP Request,200,OK,Thread Group 1-44,text,true,,52598,129,50,50,https://www.automationexercise.com/,2654,0,0
1744696190017,3143,HTTP Request,200,OK,Thread Group 1-54,text,true,,52598,129,49,49,https://www.automationexercise.com/,3048,0,0
1744696190205,3025,HTTP Request,200,OK,Thread Group 1-58,text,true,,52605,129,48,48,https://www.automationexercise.com/,2880,0,0
1744696190423,2810,HTTP Request,200,OK,Thread Group 1-60,text,true,,52598,129,47,47,https://www.automationexercise.com/,2527,0,0
1744696190585,2690,HTTP Request,200,OK,Thread Group 1-64,text,true,,52598,129,46,46,https://www.automationexercise.com/,2549,0,0
1744696190275,3020,HTTP Request,200,OK,Thread Group 1-62,text,true,,52606,129,45,45,https://www.automationexercise.com/,2886,0,0
1744696190600,2770,HTTP Request,200,OK,Thread Group 1-67,text,true,,52605,129,44,44,https://www.automationexercise.com/,2633,0,0
1744696190683,2709,HTTP Request,200,OK,Thread Group 1-49,text,true,,52598,129,43,43,https://www.automationexercise.com/,2553,0,0
1744696190490,2908,HTTP Request,200,OK,Thread Group 1-61,text,true,,52606,129,42,42,https://www.automationexercise.com/,2776,0,0
1744696190678,2723,HTTP Request,200,OK,Thread Group 1-65,text,true,,52598,129,41,41,https://www.automationexercise.com/,2641,0,0
1744696190903,2577,HTTP Request,200,OK,Thread Group 1-57,text,true,,52598,129,40,40,https://www.automationexercise.com/,2538,0,0
1744696190433,3060,HTTP Request,200,OK,Thread Group 1-59,text,true,,52598,129,39,39,https://www.automationexercise.com/,2897,0,0
1744696190467,3030,HTTP Request,200,OK,Thread Group 1-66,text,true,,52605,129,38,38,https://www.automationexercise.com/,2890,0,0
1744696190785,2722,HTTP Request,200,OK,Thread Group 1-71,text,true,,52598,129,37,37,https://www.automationexercise.com/,2639,0,0
1744696191008,2520,HTTP Request,200,OK,Thread Group 1-69,text,true,,52598,129,36,36,https://www.automationexercise.com/,2444,0,0
1744696191009,2608,HTTP Request,200,OK,Thread Group 1-70,text,true,,52598,129,35,35,https://www.automationexercise.com/,2523,0,0
1744696191003,2618,HTTP Request,200,OK,Thread Group 1-51,text,true,,52598,129,34,34,https://www.automationexercise.com/,2532,0,0
1744696191025,2642,HTTP Request,200,OK,Thread Group 1-72,text,true,,52598,129,33,33,https://www.automationexercise.com/,2597,0,0
1744696191143,2562,HTTP Request,200,OK,Thread Group 1-75,text,true,,52598,129,32,32,https://www.automationexercise.com/,2480,0,0
1744696191204,2577,HTTP Request,200,OK,Thread Group 1-73,text,true,,52598,129,31,31,https://www.automationexercise.com/,2460,0,0
1744696191201,2587,HTTP Request,200,OK,Thread Group 1-78,text,true,,52598,129,30,30,https://www.automationexercise.com/,2472,0,0
1744696191378,2445,HTTP Request,200,OK,Thread Group 1-77,text,true,,52598,129,29,29,https://www.automationexercise.com/,2362,0,0
1744696191290,2572,HTTP Request,200,OK,Thread Group 1-55,text,true,,52598,129,28,28,https://www.automationexercise.com/,2467,0,0
1744696191254,2664,HTTP Request,200,OK,Thread Group 1-76,text,true,,52598,129,27,27,https://www.automationexercise.com/,2568,0,0
1744696191391,2535,HTTP Request,200,OK,Thread Group 1-79,text,true,,52606,129,26,26,https://www.automationexercise.com/,2456,0,0
1744696191218,2799,HTTP Request,200,OK,Thread Group 1-74,text,true,,52598,129,25,25,https://www.automationexercise.com/,2719,0,0
1744696191488,2529,HTTP Request,200,OK,Thread Group 1-68,text,true,,52606,129,25,25,https://www.automationexercise.com/,2375,0,0
1744696191572,2545,HTTP Request,200,OK,Thread Group 1-88,text,true,,52598,129,23,23,https://www.automationexercise.com/,2463,0,0
1744696191601,2542,HTTP Request,200,OK,Thread Group 1-82,text,true,,52598,129,22,22,https://www.automationexercise.com/,2439,0,0
1744696191549,2667,HTTP Request,200,OK,Thread Group 1-63,text,true,,52598,129,21,21,https://www.automationexercise.com/,2579,0,0
1744696191667,2585,HTTP Request,200,OK,Thread Group 1-86,text,true,,52598,129,20,20,https://www.automationexercise.com/,2483,0,0
1744696191914,2350,HTTP Request,200,OK,Thread Group 1-81,text,true,,52598,129,19,19,https://www.automationexercise.com/,2265,0,0
1744696191669,2597,HTTP Request,200,OK,Thread Group 1-87,text,true,,52598,129,18,18,https://www.automationexercise.com/,2504,0,0
1744696192112,2191,HTTP Request,200,OK,Thread Group 1-100,text,true,,52606,129,17,17,https://www.automationexercise.com/,2117,0,0
1744696188794,5580,HTTP Request,200,OK,Thread Group 1-91,text,true,,52605,129,16,16,https://www.automationexercise.com/,5528,0,1233
1744696192076,2335,HTTP Request,200,OK,Thread Group 1-89,text,true,,52598,129,16,16,https://www.automationexercise.com/,2255,0,0
1744696192137,2331,HTTP Request,200,OK,Thread Group 1-56,text,true,,52598,129,15,15,https://www.automationexercise.com/,2237,0,0
1744696192192,2425,HTTP Request,200,OK,Thread Group 1-83,text,true,,52598,129,14,14,https://www.automationexercise.com/,2333,0,0
1744696192483,2205,HTTP Request,200,OK,Thread Group 1-95,text,true,,52606,129,13,13,https://www.automationexercise.com/,2040,0,0
1744696192548,2151,HTTP Request,200,OK,Thread Group 1-80,text,true,,52598,129,12,12,https://www.automationexercise.com/,2013,0,0
1744696192328,2377,HTTP Request,200,OK,Thread Group 1-99,text,true,,52606,129,11,11,https://www.automationexercise.com/,2235,0,0
1744696192280,2433,HTTP Request,200,OK,Thread Group 1-84,text,true,,52605,129,10,10,https://www.automationexercise.com/,2311,0,0
1744696192554,2167,HTTP Request,200,OK,Thread Group 1-94,text,true,,52598,129,9,9,https://www.automationexercise.com/,2074,0,0
1744696192926,1830,HTTP Request,200,OK,Thread Group 1-85,text,true,,52598,129,8,8,https://www.automationexercise.com/,1713,0,0
1744696192723,2172,HTTP Request,200,OK,Thread Group 1-98,text,true,,52606,129,7,7,https://www.automationexercise.com/,2004,0,0
1744696192802,2105,HTTP Request,200,OK,Thread Group 1-92,text,true,,52598,129,6,6,https://www.automationexercise.com/,1940,0,0
1744696192746,2169,HTTP Request,200,OK,Thread Group 1-97,text,true,,52598,129,5,5,https://www.automationexercise.com/,2011,0,0
1744696192751,2174,HTTP Request,200,OK,Thread Group 1-96,text,true,,52598,129,4,4,https://www.automationexercise.com/,2029,0,0
1744696192010,3036,HTTP Request,200,OK,Thread Group 1-93,text,true,,52598,129,3,3,https://www.automationexercise.com/,2917,0,0
1744696194374,695,HTTP Request,200,OK,Thread Group 1-91,text,true,,52620,129,2,2,https://www.automationexercise.com/,588,0,0
1744696188771,6727,HTTP Request,200,OK,Thread Group 1-90,text,true,,52598,129,1,1,https://www.automationexercise.com/,6708,0,1259
1744696195499,496,HTTP Request,200,OK,Thread Group 1-90,text,true,,52606,129,1,1,https://www.automationexercise.com/,277,0,0
